{
  "roc_auc": 0.89,
  "f1": 0.7474747474747475,
  "ap": 0.869776370261409,
  "lr_auc": 0.8625925925925926,
  "rf_auc": 0.8600925925925925,
  "cv_mean": 0.9383125,
  "cv_std": 0.0069998604896812176,
  "n_train": 614,
  "n_test": 154,
  "n_train_sm": 800,
  "cm": [
    [
      92,
      8
    ],
    [
      17,
      37
    ]
  ],
  "report": {
    "Sin diabetes": {
      "precision": 0.8440366972477065,
      "recall": 0.92,
      "f1-score": 0.8803827751196173,
      "support": 100.0
    },
    "Con diabetes": {
      "precision": 0.8222222222222222,
      "recall": 0.6851851851851852,
      "f1-score": 0.7474747474747475,
      "support": 54.0
    },
    "accuracy": 0.8376623376623377,
    "macro avg": {
      "precision": 0.8331294597349643,
      "recall": 0.8025925925925926,
      "f1-score": 0.8139287612971824,
      "support": 154.0
    },
    "weighted avg": {
      "precision": 0.836387465745264,
      "recall": 0.8376623376623377,
      "f1-score": 0.8337786615298578,
      "support": 154.0
    }
  }
}